geoid,date,county_name,state_name,total_cases,total_deaths,new_cases,new_deaths
53001,2020-02-24,Adams,Washington,0,0,0,0
53001,2020-02-25,Adams,Washington,0,0,0,0
53001,2020-02-26,Adams,Washington,0,0,0,0
53001,2020-02-27,Adams,Washington,0,0,0,0
53001,2020-02-28,Adams,Washington,0,0,0,0
53001,2020-02-29,Adams,Washington,0,0,0,0
53001,2020-03-01,Adams,Washington,0,0,0,0
53001,2020-03-02,Adams,Washington,0,0,0,0
53001,2020-03-03,Adams,Washington,0,0,0,0
53001,2020-03-04,Adams,Washington,0,0,0,0
53001,2020-03-05,Adams,Washington,0,0,0,0
53001,2020-03-06,Adams,Washington,0,0,0,0
53001,2020-03-07,Adams,Washington,0,0,0,0
53001,2020-03-08,Adams,Washington,0,0,0,0
53001,2020-03-09,Adams,Washington,0,0,0,0
53001,2020-03-10,Adams,Washington,0,0,0,0
53001,2020-03-11,Adams,Washington,0,0,0,0
53001,2020-03-12,Adams,Washington,0,0,0,0
53001,2020-03-13,Adams,Washington,0,0,0,0
53001,2020-03-14,Adams,Washington,0,0,0,0
53001,2020-03-15,Adams,Washington,0,0,0,0
53001,2020-03-16,Adams,Washington,0,0,0,0
53001,2020-03-17,Adams,Washington,0,0,0,0
53001,2020-03-18,Adams,Washington,0,0,0,0
53001,2020-03-19,Adams,Washington,0,0,0,0
53001,2020-03-20,Adams,Washington,0,0,0,0
53001,2020-03-21,Adams,Washington,0,0,0,0
53001,2020-03-22,Adams,Washington,0,0,0,0
53001,2020-03-23,Adams,Washington,1,0,1,0
53001,2020-03-24,Adams,Washington,1,0,0,0
53001,2020-03-25,Adams,Washington,1,0,0,0
53003,2020-02-24,Asotin,Washington,0,0,0,0
53003,2020-02-25,Asotin,Washington,0,0,0,0
53003,2020-02-26,Asotin,Washington,0,0,0,0
53003,2020-02-27,Asotin,Washington,0,0,0,0
53003,2020-02-28,Asotin,Washington,0,0,0,0
53003,2020-02-29,Asotin,Washington,0,0,0,0
53003,2020-03-01,Asotin,Washington,0,0,0,0
53003,2020-03-02,Asotin,Washington,0,0,0,0
53003,2020-03-03,Asotin,Washington,0,0,0,0
53003,2020-03-04,Asotin,Washington,0,0,0,0
53003,2020-03-05,Asotin,Washington,0,0,0,0
53003,2020-03-06,Asotin,Washington,0,0,0,0
53003,2020-03-07,Asotin,Washington,0,0,0,0
53003,2020-03-08,Asotin,Washington,0,0,0,0
53003,2020-03-09,Asotin,Washington,0,0,0,0
53003,2020-03-10,Asotin,Washington,0,0,0,0
53003,2020-03-11,Asotin,Washington,0,0,0,0
53003,2020-03-12,Asotin,Washington,0,0,0,0
53003,2020-03-13,Asotin,Washington,0,0,0,0
53003,2020-03-14,Asotin,Washington,0,0,0,0
53003,2020-03-15,Asotin,Washington,0,0,0,0
53003,2020-03-16,Asotin,Washington,0,0,0,0
53003,2020-03-17,Asotin,Washington,0,0,0,0
53003,2020-03-18,Asotin,Washington,0,0,0,0
53003,2020-03-19,Asotin,Washington,0,0,0,0
53003,2020-03-20,Asotin,Washington,0,0,0,0
53003,2020-03-21,Asotin,Washington,0,0,0,0
53003,2020-03-22,Asotin,Washington,0,0,0,0
53003,2020-03-23,Asotin,Washington,0,0,0,0
53003,2020-03-24,Asotin,Washington,0,0,0,0
53003,2020-03-25,Asotin,Washington,0,0,0,0
53005,2020-02-24,Benton,Washington,0,0,0,0
53005,2020-02-25,Benton,Washington,0,0,0,0
53005,2020-02-26,Benton,Washington,0,0,0,0
53005,2020-02-27,Benton,Washington,0,0,0,0
53005,2020-02-28,Benton,Washington,0,0,0,0
53005,2020-02-29,Benton,Washington,0,0,0,0
53005,2020-03-01,Benton,Washington,0,0,0,0
53005,2020-03-02,Benton,Washington,0,0,0,0
53005,2020-03-03,Benton,Washington,0,0,0,0
53005,2020-03-04,Benton,Washington,0,0,0,0
53005,2020-03-05,Benton,Washington,0,0,0,0
53005,2020-03-06,Benton,Washington,0,0,0,0
53005,2020-03-07,Benton,Washington,0,0,0,0
53005,2020-03-08,Benton,Washington,0,0,0,0
53005,2020-03-09,Benton,Washington,0,0,0,0
53005,2020-03-10,Benton,Washington,0,0,0,0
53005,2020-03-11,Benton,Washington,0,0,0,0
53005,2020-03-12,Benton,Washington,0,0,0,0
53005,2020-03-13,Benton,Washington,0,0,0,0
53005,2020-03-14,Benton,Washington,0,0,0,0
53005,2020-03-15,Benton,Washington,0,0,0,0
53005,2020-03-16,Benton,Washington,0,0,0,0
53005,2020-03-17,Benton,Washington,0,0,0,0
53005,2020-03-18,Benton,Washington,0,0,0,0
53005,2020-03-19,Benton,Washington,1,1,1,1
53005,2020-03-20,Benton,Washington,2,1,1,0
53005,2020-03-21,Benton,Washington,7,2,5,1
53005,2020-03-22,Benton,Washington,7,2,0,0
53005,2020-03-23,Benton,Washington,7,2,0,0
53005,2020-03-24,Benton,Washington,7,2,0,0
53005,2020-03-25,Benton,Washington,12,2,5,0
53007,2020-02-24,Chelan,Washington,0,0,0,0
53007,2020-02-25,Chelan,Washington,0,0,0,0
53007,2020-02-26,Chelan,Washington,0,0,0,0
53007,2020-02-27,Chelan,Washington,0,0,0,0
53007,2020-02-28,Chelan,Washington,0,0,0,0
53007,2020-02-29,Chelan,Washington,0,0,0,0
53007,2020-03-01,Chelan,Washington,0,0,0,0
53007,2020-03-02,Chelan,Washington,0,0,0,0
53007,2020-03-03,Chelan,Washington,0,0,0,0
53007,2020-03-04,Chelan,Washington,0,0,0,0
53007,2020-03-05,Chelan,Washington,0,0,0,0
53007,2020-03-06,Chelan,Washington,0,0,0,0
53007,2020-03-07,Chelan,Washington,0,0,0,0
53007,2020-03-08,Chelan,Washington,0,0,0,0
53007,2020-03-09,Chelan,Washington,0,0,0,0
53007,2020-03-10,Chelan,Washington,0,0,0,0
53007,2020-03-11,Chelan,Washington,0,0,0,0
53007,2020-03-12,Chelan,Washington,0,0,0,0
53007,2020-03-13,Chelan,Washington,0,0,0,0
53007,2020-03-14,Chelan,Washington,0,0,0,0
53007,2020-03-15,Chelan,Washington,0,0,0,0
53007,2020-03-16,Chelan,Washington,0,0,0,0
53007,2020-03-17,Chelan,Washington,0,0,0,0
53007,2020-03-18,Chelan,Washington,2,0,2,0
53007,2020-03-19,Chelan,Washington,2,0,0,0
53007,2020-03-20,Chelan,Washington,2,0,0,0
53007,2020-03-21,Chelan,Washington,3,0,1,0
53007,2020-03-22,Chelan,Washington,3,0,0,0
53007,2020-03-23,Chelan,Washington,6,0,3,0
53007,2020-03-24,Chelan,Washington,6,0,0,0
53007,2020-03-25,Chelan,Washington,6,0,0,0
53009,2020-02-24,Clallam,Washington,0,0,0,0
53009,2020-02-25,Clallam,Washington,0,0,0,0
53009,2020-02-26,Clallam,Washington,0,0,0,0
53009,2020-02-27,Clallam,Washington,0,0,0,0
53009,2020-02-28,Clallam,Washington,0,0,0,0
53009,2020-02-29,Clallam,Washington,0,0,0,0
53009,2020-03-01,Clallam,Washington,0,0,0,0
53009,2020-03-02,Clallam,Washington,0,0,0,0
53009,2020-03-03,Clallam,Washington,0,0,0,0
53009,2020-03-04,Clallam,Washington,0,0,0,0
53009,2020-03-05,Clallam,Washington,0,0,0,0
53009,2020-03-06,Clallam,Washington,0,0,0,0
53009,2020-03-07,Clallam,Washington,0,0,0,0
53009,2020-03-08,Clallam,Washington,0,0,0,0
53009,2020-03-09,Clallam,Washington,0,0,0,0
53009,2020-03-10,Clallam,Washington,0,0,0,0
53009,2020-03-11,Clallam,Washington,0,0,0,0
53009,2020-03-12,Clallam,Washington,0,0,0,0
53009,2020-03-13,Clallam,Washington,0,0,0,0
53009,2020-03-14,Clallam,Washington,0,0,0,0
53009,2020-03-15,Clallam,Washington,0,0,0,0
53009,2020-03-16,Clallam,Washington,0,0,0,0
53009,2020-03-17,Clallam,Washington,0,0,0,0
53009,2020-03-18,Clallam,Washington,0,0,0,0
53009,2020-03-19,Clallam,Washington,1,0,1,0
53009,2020-03-20,Clallam,Washington,1,0,0,0
53009,2020-03-21,Clallam,Washington,2,0,1,0
53009,2020-03-22,Clallam,Washington,4,0,2,0
53009,2020-03-23,Clallam,Washington,4,0,0,0
53009,2020-03-24,Clallam,Washington,4,0,0,0
53009,2020-03-25,Clallam,Washington,4,0,0,0
53011,2020-02-24,Clark,Washington,0,0,0,0
53011,2020-02-25,Clark,Washington,0,0,0,0
53011,2020-02-26,Clark,Washington,0,0,0,0
53011,2020-02-27,Clark,Washington,0,0,0,0
53011,2020-02-28,Clark,Washington,0,0,0,0
53011,2020-02-29,Clark,Washington,0,0,0,0
53011,2020-03-01,Clark,Washington,0,0,0,0
53011,2020-03-02,Clark,Washington,0,0,0,0
53011,2020-03-03,Clark,Washington,0,0,0,0
53011,2020-03-04,Clark,Washington,0,0,0,0
53011,2020-03-05,Clark,Washington,0,0,0,0
53011,2020-03-06,Clark,Washington,0,0,0,0
53011,2020-03-07,Clark,Washington,0,0,0,0
53011,2020-03-08,Clark,Washington,0,0,0,0
53011,2020-03-09,Clark,Washington,1,0,1,0
53011,2020-03-10,Clark,Washington,1,0,0,0
53011,2020-03-11,Clark,Washington,1,0,0,0
53011,2020-03-12,Clark,Washington,1,0,0,0
53011,2020-03-13,Clark,Washington,1,0,0,0
53011,2020-03-14,Clark,Washington,1,0,0,0
53011,2020-03-15,Clark,Washington,3,0,2,0
53011,2020-03-16,Clark,Washington,3,0,0,0
53011,2020-03-17,Clark,Washington,4,0,1,0
53011,2020-03-18,Clark,Washington,4,2,0,2
53011,2020-03-19,Clark,Washington,4,3,0,1
53011,2020-03-20,Clark,Washington,6,3,2,0
53011,2020-03-21,Clark,Washington,9,3,3,0
53011,2020-03-22,Clark,Washington,10,3,1,0
53011,2020-03-23,Clark,Washington,13,4,3,1
53011,2020-03-24,Clark,Washington,13,4,0,0
53011,2020-03-25,Clark,Washington,16,4,3,0
53013,2020-02-24,Columbia,Washington,0,0,0,0
53013,2020-02-25,Columbia,Washington,0,0,0,0
53013,2020-02-26,Columbia,Washington,0,0,0,0
53013,2020-02-27,Columbia,Washington,0,0,0,0
53013,2020-02-28,Columbia,Washington,0,0,0,0
53013,2020-02-29,Columbia,Washington,0,0,0,0
53013,2020-03-01,Columbia,Washington,0,0,0,0
53013,2020-03-02,Columbia,Washington,0,0,0,0
53013,2020-03-03,Columbia,Washington,0,0,0,0
53013,2020-03-04,Columbia,Washington,0,0,0,0
53013,2020-03-05,Columbia,Washington,0,0,0,0
53013,2020-03-06,Columbia,Washington,0,0,0,0
53013,2020-03-07,Columbia,Washington,0,0,0,0
53013,2020-03-08,Columbia,Washington,0,0,0,0
53013,2020-03-09,Columbia,Washington,0,0,0,0
53013,2020-03-10,Columbia,Washington,0,0,0,0
53013,2020-03-11,Columbia,Washington,0,0,0,0
53013,2020-03-12,Columbia,Washington,0,0,0,0
53013,2020-03-13,Columbia,Washington,0,0,0,0
53013,2020-03-14,Columbia,Washington,1,0,1,0
53013,2020-03-15,Columbia,Washington,1,0,0,0
53013,2020-03-16,Columbia,Washington,1,0,0,0
53013,2020-03-17,Columbia,Washington,1,0,0,0
53013,2020-03-18,Columbia,Washington,1,0,0,0
53013,2020-03-19,Columbia,Washington,1,0,0,0
53013,2020-03-20,Columbia,Washington,1,0,0,0
53013,2020-03-21,Columbia,Washington,1,0,0,0
53013,2020-03-22,Columbia,Washington,1,0,0,0
53013,2020-03-23,Columbia,Washington,1,0,0,0
53013,2020-03-24,Columbia,Washington,1,0,0,0
53013,2020-03-25,Columbia,Washington,1,0,0,0
53015,2020-02-24,Cowlitz,Washington,0,0,0,0
53015,2020-02-25,Cowlitz,Washington,0,0,0,0
53015,2020-02-26,Cowlitz,Washington,0,0,0,0
53015,2020-02-27,Cowlitz,Washington,0,0,0,0
53015,2020-02-28,Cowlitz,Washington,0,0,0,0
53015,2020-02-29,Cowlitz,Washington,0,0,0,0
53015,2020-03-01,Cowlitz,Washington,0,0,0,0
53015,2020-03-02,Cowlitz,Washington,0,0,0,0
53015,2020-03-03,Cowlitz,Washington,0,0,0,0
53015,2020-03-04,Cowlitz,Washington,0,0,0,0
53015,2020-03-05,Cowlitz,Washington,0,0,0,0
53015,2020-03-06,Cowlitz,Washington,0,0,0,0
53015,2020-03-07,Cowlitz,Washington,0,0,0,0
53015,2020-03-08,Cowlitz,Washington,0,0,0,0
53015,2020-03-09,Cowlitz,Washington,0,0,0,0
53015,2020-03-10,Cowlitz,Washington,0,0,0,0
53015,2020-03-11,Cowlitz,Washington,0,0,0,0
53015,2020-03-12,Cowlitz,Washington,0,0,0,0
53015,2020-03-13,Cowlitz,Washington,0,0,0,0
53015,2020-03-14,Cowlitz,Washington,0,0,0,0
53015,2020-03-15,Cowlitz,Washington,0,0,0,0
53015,2020-03-16,Cowlitz,Washington,0,0,0,0
53015,2020-03-17,Cowlitz,Washington,0,0,0,0
53015,2020-03-18,Cowlitz,Washington,0,0,0,0
53015,2020-03-19,Cowlitz,Washington,0,0,0,0
53015,2020-03-20,Cowlitz,Washington,1,0,1,0
53015,2020-03-21,Cowlitz,Washington,2,0,1,0
53015,2020-03-22,Cowlitz,Washington,3,0,1,0
53015,2020-03-23,Cowlitz,Washington,3,0,0,0
53015,2020-03-24,Cowlitz,Washington,3,0,0,0
53015,2020-03-25,Cowlitz,Washington,3,0,0,0
53017,2020-02-24,Douglas,Washington,0,0,0,0
53017,2020-02-25,Douglas,Washington,0,0,0,0
53017,2020-02-26,Douglas,Washington,0,0,0,0
53017,2020-02-27,Douglas,Washington,0,0,0,0
53017,2020-02-28,Douglas,Washington,0,0,0,0
53017,2020-02-29,Douglas,Washington,0,0,0,0
53017,2020-03-01,Douglas,Washington,0,0,0,0
53017,2020-03-02,Douglas,Washington,0,0,0,0
53017,2020-03-03,Douglas,Washington,0,0,0,0
53017,2020-03-04,Douglas,Washington,0,0,0,0
53017,2020-03-05,Douglas,Washington,0,0,0,0
53017,2020-03-06,Douglas,Washington,0,0,0,0
53017,2020-03-07,Douglas,Washington,0,0,0,0
53017,2020-03-08,Douglas,Washington,0,0,0,0
53017,2020-03-09,Douglas,Washington,0,0,0,0
53017,2020-03-10,Douglas,Washington,0,0,0,0
53017,2020-03-11,Douglas,Washington,0,0,0,0
53017,2020-03-12,Douglas,Washington,0,0,0,0
53017,2020-03-13,Douglas,Washington,0,0,0,0
53017,2020-03-14,Douglas,Washington,0,0,0,0
53017,2020-03-15,Douglas,Washington,0,0,0,0
53017,2020-03-16,Douglas,Washington,0,0,0,0
53017,2020-03-17,Douglas,Washington,0,0,0,0
53017,2020-03-18,Douglas,Washington,0,0,0,0
53017,2020-03-19,Douglas,Washington,0,0,0,0
53017,2020-03-20,Douglas,Washington,0,0,0,0
53017,2020-03-21,Douglas,Washington,0,0,0,0
53017,2020-03-22,Douglas,Washington,0,0,0,0
53017,2020-03-23,Douglas,Washington,1,0,1,0
53017,2020-03-24,Douglas,Washington,1,0,0,0
53017,2020-03-25,Douglas,Washington,2,0,1,0
53019,2020-02-24,Ferry,Washington,0,0,0,0
53019,2020-02-25,Ferry,Washington,0,0,0,0
53019,2020-02-26,Ferry,Washington,0,0,0,0
53019,2020-02-27,Ferry,Washington,0,0,0,0
53019,2020-02-28,Ferry,Washington,0,0,0,0
53019,2020-02-29,Ferry,Washington,0,0,0,0
53019,2020-03-01,Ferry,Washington,0,0,0,0
53019,2020-03-02,Ferry,Washington,0,0,0,0
53019,2020-03-03,Ferry,Washington,0,0,0,0
53019,2020-03-04,Ferry,Washington,0,0,0,0
53019,2020-03-05,Ferry,Washington,0,0,0,0
53019,2020-03-06,Ferry,Washington,0,0,0,0
53019,2020-03-07,Ferry,Washington,0,0,0,0
53019,2020-03-08,Ferry,Washington,0,0,0,0
53019,2020-03-09,Ferry,Washington,0,0,0,0
53019,2020-03-10,Ferry,Washington,0,0,0,0
53019,2020-03-11,Ferry,Washington,0,0,0,0
53019,2020-03-12,Ferry,Washington,0,0,0,0
53019,2020-03-13,Ferry,Washington,0,0,0,0
53019,2020-03-14,Ferry,Washington,0,0,0,0
53019,2020-03-15,Ferry,Washington,0,0,0,0
53019,2020-03-16,Ferry,Washington,0,0,0,0
53019,2020-03-17,Ferry,Washington,0,0,0,0
53019,2020-03-18,Ferry,Washington,0,0,0,0
53019,2020-03-19,Ferry,Washington,0,0,0,0
53019,2020-03-20,Ferry,Washington,0,0,0,0
53019,2020-03-21,Ferry,Washington,0,0,0,0
53019,2020-03-22,Ferry,Washington,0,0,0,0
53019,2020-03-23,Ferry,Washington,0,0,0,0
53019,2020-03-24,Ferry,Washington,0,0,0,0
53019,2020-03-25,Ferry,Washington,0,0,0,0
53021,2020-02-24,Franklin,Washington,0,0,0,0
53021,2020-02-25,Franklin,Washington,0,0,0,0
53021,2020-02-26,Franklin,Washington,0,0,0,0
53021,2020-02-27,Franklin,Washington,0,0,0,0
53021,2020-02-28,Franklin,Washington,0,0,0,0
53021,2020-02-29,Franklin,Washington,0,0,0,0
53021,2020-03-01,Franklin,Washington,0,0,0,0
53021,2020-03-02,Franklin,Washington,0,0,0,0
53021,2020-03-03,Franklin,Washington,0,0,0,0
53021,2020-03-04,Franklin,Washington,0,0,0,0
53021,2020-03-05,Franklin,Washington,0,0,0,0
53021,2020-03-06,Franklin,Washington,0,0,0,0
53021,2020-03-07,Franklin,Washington,0,0,0,0
53021,2020-03-08,Franklin,Washington,0,0,0,0
53021,2020-03-09,Franklin,Washington,0,0,0,0
53021,2020-03-10,Franklin,Washington,0,0,0,0
53021,2020-03-11,Franklin,Washington,0,0,0,0
53021,2020-03-12,Franklin,Washington,0,0,0,0
53021,2020-03-13,Franklin,Washington,0,0,0,0
53021,2020-03-14,Franklin,Washington,0,0,0,0
53021,2020-03-15,Franklin,Washington,0,0,0,0
53021,2020-03-16,Franklin,Washington,0,0,0,0
53021,2020-03-17,Franklin,Washington,0,0,0,0
53021,2020-03-18,Franklin,Washington,0,0,0,0
53021,2020-03-19,Franklin,Washington,2,0,2,0
53021,2020-03-20,Franklin,Washington,2,0,0,0
53021,2020-03-21,Franklin,Washington,2,0,0,0
53021,2020-03-22,Franklin,Washington,3,0,1,0
53021,2020-03-23,Franklin,Washington,3,0,0,0
53021,2020-03-24,Franklin,Washington,3,0,0,0
53021,2020-03-25,Franklin,Washington,7,0,4,0
53023,2020-02-24,Garfield,Washington,0,0,0,0
53023,2020-02-25,Garfield,Washington,0,0,0,0
53023,2020-02-26,Garfield,Washington,0,0,0,0
53023,2020-02-27,Garfield,Washington,0,0,0,0
53023,2020-02-28,Garfield,Washington,0,0,0,0
53023,2020-02-29,Garfield,Washington,0,0,0,0
53023,2020-03-01,Garfield,Washington,0,0,0,0
53023,2020-03-02,Garfield,Washington,0,0,0,0
53023,2020-03-03,Garfield,Washington,0,0,0,0
53023,2020-03-04,Garfield,Washington,0,0,0,0
53023,2020-03-05,Garfield,Washington,0,0,0,0
53023,2020-03-06,Garfield,Washington,0,0,0,0
53023,2020-03-07,Garfield,Washington,0,0,0,0
53023,2020-03-08,Garfield,Washington,0,0,0,0
53023,2020-03-09,Garfield,Washington,0,0,0,0
53023,2020-03-10,Garfield,Washington,0,0,0,0
53023,2020-03-11,Garfield,Washington,0,0,0,0
53023,2020-03-12,Garfield,Washington,0,0,0,0
53023,2020-03-13,Garfield,Washington,0,0,0,0
53023,2020-03-14,Garfield,Washington,0,0,0,0
53023,2020-03-15,Garfield,Washington,0,0,0,0
53023,2020-03-16,Garfield,Washington,0,0,0,0
53023,2020-03-17,Garfield,Washington,0,0,0,0
53023,2020-03-18,Garfield,Washington,0,0,0,0
53023,2020-03-19,Garfield,Washington,0,0,0,0
53023,2020-03-20,Garfield,Washington,0,0,0,0
53023,2020-03-21,Garfield,Washington,0,0,0,0
53023,2020-03-22,Garfield,Washington,0,0,0,0
53023,2020-03-23,Garfield,Washington,0,0,0,0
53023,2020-03-24,Garfield,Washington,0,0,0,0
53023,2020-03-25,Garfield,Washington,0,0,0,0
53025,2020-02-24,Grant,Washington,0,0,0,0
53025,2020-02-25,Grant,Washington,0,0,0,0
53025,2020-02-26,Grant,Washington,0,0,0,0
53025,2020-02-27,Grant,Washington,0,0,0,0
53025,2020-02-28,Grant,Washington,0,0,0,0
53025,2020-02-29,Grant,Washington,0,0,0,0
53025,2020-03-01,Grant,Washington,0,0,0,0
53025,2020-03-02,Grant,Washington,0,0,0,0
53025,2020-03-03,Grant,Washington,0,0,0,0
53025,2020-03-04,Grant,Washington,0,0,0,0
53025,2020-03-05,Grant,Washington,0,0,0,0
53025,2020-03-06,Grant,Washington,0,0,0,0
53025,2020-03-07,Grant,Washington,1,0,1,0
53025,2020-03-08,Grant,Washington,1,0,0,0
53025,2020-03-09,Grant,Washington,1,0,0,0
53025,2020-03-10,Grant,Washington,1,0,0,0
53025,2020-03-11,Grant,Washington,1,1,0,1
53025,2020-03-12,Grant,Washington,1,1,0,0
53025,2020-03-13,Grant,Washington,1,1,0,0
53025,2020-03-14,Grant,Washington,1,1,0,0
53025,2020-03-15,Grant,Washington,2,1,1,0
53025,2020-03-16,Grant,Washington,2,1,0,0
53025,2020-03-17,Grant,Washington,3,1,1,0
53025,2020-03-18,Grant,Washington,7,1,4,0
53025,2020-03-19,Grant,Washington,8,1,1,0
53025,2020-03-20,Grant,Washington,8,1,0,0
53025,2020-03-21,Grant,Washington,11,1,3,0
53025,2020-03-22,Grant,Washington,18,1,7,0
53025,2020-03-23,Grant,Washington,23,1,5,0
53025,2020-03-24,Grant,Washington,23,1,0,0
53025,2020-03-25,Grant,Washington,27,1,4,0
53027,2020-02-24,Grays Harbor,Washington,0,0,0,0
53027,2020-02-25,Grays Harbor,Washington,0,0,0,0
53027,2020-02-26,Grays Harbor,Washington,0,0,0,0
53027,2020-02-27,Grays Harbor,Washington,0,0,0,0
53027,2020-02-28,Grays Harbor,Washington,0,0,0,0
53027,2020-02-29,Grays Harbor,Washington,0,0,0,0
53027,2020-03-01,Grays Harbor,Washington,0,0,0,0
53027,2020-03-02,Grays Harbor,Washington,0,0,0,0
53027,2020-03-03,Grays Harbor,Washington,0,0,0,0
53027,2020-03-04,Grays Harbor,Washington,0,0,0,0
53027,2020-03-05,Grays Harbor,Washington,0,0,0,0
53027,2020-03-06,Grays Harbor,Washington,0,0,0,0
53027,2020-03-07,Grays Harbor,Washington,0,0,0,0
53027,2020-03-08,Grays Harbor,Washington,0,0,0,0
53027,2020-03-09,Grays Harbor,Washington,0,0,0,0
53027,2020-03-10,Grays Harbor,Washington,0,0,0,0
53027,2020-03-11,Grays Harbor,Washington,0,0,0,0
53027,2020-03-12,Grays Harbor,Washington,0,0,0,0
53027,2020-03-13,Grays Harbor,Washington,0,0,0,0
53027,2020-03-14,Grays Harbor,Washington,1,0,1,0
53027,2020-03-15,Grays Harbor,Washington,1,0,0,0
53027,2020-03-16,Grays Harbor,Washington,1,0,0,0
53027,2020-03-17,Grays Harbor,Washington,1,0,0,0
53027,2020-03-18,Grays Harbor,Washington,1,0,0,0
53027,2020-03-19,Grays Harbor,Washington,1,0,0,0
53027,2020-03-20,Grays Harbor,Washington,1,0,0,0
53027,2020-03-21,Grays Harbor,Washington,1,0,0,0
53027,2020-03-22,Grays Harbor,Washington,1,0,0,0
53027,2020-03-23,Grays Harbor,Washington,1,0,0,0
53027,2020-03-24,Grays Harbor,Washington,1,0,0,0
53027,2020-03-25,Grays Harbor,Washington,1,0,0,0
53029,2020-02-24,Island,Washington,0,0,0,0
53029,2020-02-25,Island,Washington,0,0,0,0
53029,2020-02-26,Island,Washington,0,0,0,0
53029,2020-02-27,Island,Washington,0,0,0,0
53029,2020-02-28,Island,Washington,0,0,0,0
53029,2020-02-29,Island,Washington,0,0,0,0
53029,2020-03-01,Island,Washington,0,0,0,0
53029,2020-03-02,Island,Washington,0,0,0,0
53029,2020-03-03,Island,Washington,0,0,0,0
53029,2020-03-04,Island,Washington,0,0,0,0
53029,2020-03-05,Island,Washington,0,0,0,0
53029,2020-03-06,Island,Washington,0,0,0,0
53029,2020-03-07,Island,Washington,0,0,0,0
53029,2020-03-08,Island,Washington,0,0,0,0
53029,2020-03-09,Island,Washington,0,0,0,0
53029,2020-03-10,Island,Washington,0,0,0,0
53029,2020-03-11,Island,Washington,0,0,0,0
53029,2020-03-12,Island,Washington,0,0,0,0
53029,2020-03-13,Island,Washington,1,0,1,0
53029,2020-03-14,Island,Washington,3,0,2,0
53029,2020-03-15,Island,Washington,6,0,3,0
53029,2020-03-16,Island,Washington,6,0,0,0
53029,2020-03-17,Island,Washington,7,0,1,0
53029,2020-03-18,Island,Washington,14,0,7,0
53029,2020-03-19,Island,Washington,17,1,3,1
53029,2020-03-20,Island,Washington,19,1,2,0
53029,2020-03-21,Island,Washington,19,1,0,0
53029,2020-03-22,Island,Washington,21,1,2,0
53029,2020-03-23,Island,Washington,25,1,4,0
53029,2020-03-24,Island,Washington,25,1,0,0
53029,2020-03-25,Island,Washington,29,1,4,0
53031,2020-02-24,Jefferson,Washington,0,0,0,0
53031,2020-02-25,Jefferson,Washington,0,0,0,0
53031,2020-02-26,Jefferson,Washington,0,0,0,0
53031,2020-02-27,Jefferson,Washington,0,0,0,0
53031,2020-02-28,Jefferson,Washington,0,0,0,0
53031,2020-02-29,Jefferson,Washington,0,0,0,0
53031,2020-03-01,Jefferson,Washington,0,0,0,0
53031,2020-03-02,Jefferson,Washington,0,0,0,0
53031,2020-03-03,Jefferson,Washington,0,0,0,0
53031,2020-03-04,Jefferson,Washington,0,0,0,0
53031,2020-03-05,Jefferson,Washington,0,0,0,0
53031,2020-03-06,Jefferson,Washington,0,0,0,0
53031,2020-03-07,Jefferson,Washington,0,0,0,0
53031,2020-03-08,Jefferson,Washington,0,0,0,0
53031,2020-03-09,Jefferson,Washington,1,0,1,0
53031,2020-03-10,Jefferson,Washington,1,0,0,0
53031,2020-03-11,Jefferson,Washington,1,0,0,0
53031,2020-03-12,Jefferson,Washington,1,0,0,0
53031,2020-03-13,Jefferson,Washington,1,0,0,0
53031,2020-03-14,Jefferson,Washington,1,0,0,0
53031,2020-03-15,Jefferson,Washington,1,0,0,0
53031,2020-03-16,Jefferson,Washington,3,0,2,0
53031,2020-03-17,Jefferson,Washington,3,0,0,0
53031,2020-03-18,Jefferson,Washington,3,0,0,0
53031,2020-03-19,Jefferson,Washington,4,0,1,0
53031,2020-03-20,Jefferson,Washington,4,0,0,0
53031,2020-03-21,Jefferson,Washington,4,0,0,0
53031,2020-03-22,Jefferson,Washington,6,0,2,0
53031,2020-03-23,Jefferson,Washington,7,0,1,0
53031,2020-03-24,Jefferson,Washington,7,0,0,0
53031,2020-03-25,Jefferson,Washington,8,0,1,0
53033,2020-02-24,King,Washington,0,0,0,0
53033,2020-02-25,King,Washington,0,0,0,0
53033,2020-02-26,King,Washington,0,0,0,0
53033,2020-02-27,King,Washington,0,0,0,0
53033,2020-02-28,King,Washington,0,0,0,0
53033,2020-02-29,King,Washington,0,0,0,0
53033,2020-03-01,King,Washington,1,0,1,0
53033,2020-03-02,King,Washington,4,0,3,0
53033,2020-03-03,King,Washington,14,5,10,5
53033,2020-03-04,King,Washington,21,8,7,3
53033,2020-03-05,King,Washington,21,8,0,0
53033,2020-03-06,King,Washington,31,9,10,1
53033,2020-03-07,King,Washington,51,9,20,0
53033,2020-03-08,King,Washington,51,9,0,0
53033,2020-03-09,King,Washington,71,15,20,6
53033,2020-03-10,King,Washington,83,17,12,2
53033,2020-03-11,King,Washington,116,20,33,3
53033,2020-03-12,King,Washington,190,22,74,2
53033,2020-03-13,King,Washington,234,26,44,4
53033,2020-03-14,King,Washington,328,32,94,6
53033,2020-03-15,King,Washington,387,35,59,3
53033,2020-03-16,King,Washington,420,37,33,2
53033,2020-03-17,King,Washington,488,43,68,6
53033,2020-03-18,King,Washington,569,43,81,0
53033,2020-03-19,King,Washington,693,60,124,17
53033,2020-03-20,King,Washington,793,67,100,7
53033,2020-03-21,King,Washington,934,74,141,7
53033,2020-03-22,King,Washington,1040,75,106,1
53033,2020-03-23,King,Washington,1170,87,130,12
53033,2020-03-24,King,Washington,1170,87,0,0
53033,2020-03-25,King,Washington,1277,94,107,7
53035,2020-02-24,Kitsap,Washington,0,0,0,0
53035,2020-02-25,Kitsap,Washington,0,0,0,0
53035,2020-02-26,Kitsap,Washington,0,0,0,0
53035,2020-02-27,Kitsap,Washington,0,0,0,0
53035,2020-02-28,Kitsap,Washington,0,0,0,0
53035,2020-02-29,Kitsap,Washington,0,0,0,0
53035,2020-03-01,Kitsap,Washington,0,0,0,0
53035,2020-03-02,Kitsap,Washington,0,0,0,0
53035,2020-03-03,Kitsap,Washington,0,0,0,0
53035,2020-03-04,Kitsap,Washington,0,0,0,0
53035,2020-03-05,Kitsap,Washington,0,0,0,0
53035,2020-03-06,Kitsap,Washington,0,0,0,0
53035,2020-03-07,Kitsap,Washington,0,0,0,0
53035,2020-03-08,Kitsap,Washington,0,0,0,0
53035,2020-03-09,Kitsap,Washington,0,0,0,0
53035,2020-03-10,Kitsap,Washington,0,0,0,0
53035,2020-03-11,Kitsap,Washington,1,0,1,0
53035,2020-03-12,Kitsap,Washington,2,0,1,0
53035,2020-03-13,Kitsap,Washington,2,0,0,0
53035,2020-03-14,Kitsap,Washington,3,0,1,0
53035,2020-03-15,Kitsap,Washington,3,0,0,0
53035,2020-03-16,Kitsap,Washington,3,0,0,0
53035,2020-03-17,Kitsap,Washington,7,0,4,0
53035,2020-03-18,Kitsap,Washington,7,0,0,0
53035,2020-03-19,Kitsap,Washington,12,0,5,0
53035,2020-03-20,Kitsap,Washington,12,0,0,0
53035,2020-03-21,Kitsap,Washington,15,0,3,0
53035,2020-03-22,Kitsap,Washington,18,0,3,0
53035,2020-03-23,Kitsap,Washington,18,0,0,0
53035,2020-03-24,Kitsap,Washington,18,0,0,0
53035,2020-03-25,Kitsap,Washington,20,0,2,0
53037,2020-02-24,Kittitas,Washington,0,0,0,0
53037,2020-02-25,Kittitas,Washington,0,0,0,0
53037,2020-02-26,Kittitas,Washington,0,0,0,0
53037,2020-02-27,Kittitas,Washington,0,0,0,0
53037,2020-02-28,Kittitas,Washington,0,0,0,0
53037,2020-02-29,Kittitas,Washington,0,0,0,0
53037,2020-03-01,Kittitas,Washington,0,0,0,0
53037,2020-03-02,Kittitas,Washington,0,0,0,0
53037,2020-03-03,Kittitas,Washington,0,0,0,0
53037,2020-03-04,Kittitas,Washington,0,0,0,0
53037,2020-03-05,Kittitas,Washington,0,0,0,0
53037,2020-03-06,Kittitas,Washington,0,0,0,0
53037,2020-03-07,Kittitas,Washington,0,0,0,0
53037,2020-03-08,Kittitas,Washington,0,0,0,0
53037,2020-03-09,Kittitas,Washington,0,0,0,0
53037,2020-03-10,Kittitas,Washington,1,0,1,0
53037,2020-03-11,Kittitas,Washington,1,0,0,0
53037,2020-03-12,Kittitas,Washington,1,0,0,0
53037,2020-03-13,Kittitas,Washington,2,0,1,0
53037,2020-03-14,Kittitas,Washington,3,0,1,0
53037,2020-03-15,Kittitas,Washington,3,0,0,0
53037,2020-03-16,Kittitas,Washington,3,0,0,0
53037,2020-03-17,Kittitas,Washington,3,0,0,0
53037,2020-03-18,Kittitas,Washington,3,0,0,0
53037,2020-03-19,Kittitas,Washington,4,0,1,0
53037,2020-03-20,Kittitas,Washington,4,0,0,0
53037,2020-03-21,Kittitas,Washington,4,0,0,0
53037,2020-03-22,Kittitas,Washington,4,0,0,0
53037,2020-03-23,Kittitas,Washington,5,0,1,0
53037,2020-03-24,Kittitas,Washington,5,0,0,0
53037,2020-03-25,Kittitas,Washington,6,0,1,0
53039,2020-02-24,Klickitat,Washington,0,0,0,0
53039,2020-02-25,Klickitat,Washington,0,0,0,0
53039,2020-02-26,Klickitat,Washington,0,0,0,0
53039,2020-02-27,Klickitat,Washington,0,0,0,0
53039,2020-02-28,Klickitat,Washington,0,0,0,0
53039,2020-02-29,Klickitat,Washington,0,0,0,0
53039,2020-03-01,Klickitat,Washington,0,0,0,0
53039,2020-03-02,Klickitat,Washington,0,0,0,0
53039,2020-03-03,Klickitat,Washington,0,0,0,0
53039,2020-03-04,Klickitat,Washington,0,0,0,0
53039,2020-03-05,Klickitat,Washington,0,0,0,0
53039,2020-03-06,Klickitat,Washington,0,0,0,0
53039,2020-03-07,Klickitat,Washington,0,0,0,0
53039,2020-03-08,Klickitat,Washington,0,0,0,0
53039,2020-03-09,Klickitat,Washington,0,0,0,0
53039,2020-03-10,Klickitat,Washington,0,0,0,0
53039,2020-03-11,Klickitat,Washington,0,0,0,0
53039,2020-03-12,Klickitat,Washington,0,0,0,0
53039,2020-03-13,Klickitat,Washington,0,0,0,0
53039,2020-03-14,Klickitat,Washington,0,0,0,0
53039,2020-03-15,Klickitat,Washington,0,0,0,0
53039,2020-03-16,Klickitat,Washington,0,0,0,0
53039,2020-03-17,Klickitat,Washington,0,0,0,0
53039,2020-03-18,Klickitat,Washington,1,0,1,0
53039,2020-03-19,Klickitat,Washington,2,0,1,0
53039,2020-03-20,Klickitat,Washington,2,0,0,0
53039,2020-03-21,Klickitat,Washington,4,0,2,0
53039,2020-03-22,Klickitat,Washington,4,0,0,0
53039,2020-03-23,Klickitat,Washington,4,0,0,0
53039,2020-03-24,Klickitat,Washington,4,0,0,0
53039,2020-03-25,Klickitat,Washington,6,0,2,0
53041,2020-02-24,Lewis,Washington,0,0,0,0
53041,2020-02-25,Lewis,Washington,0,0,0,0
53041,2020-02-26,Lewis,Washington,0,0,0,0
53041,2020-02-27,Lewis,Washington,0,0,0,0
53041,2020-02-28,Lewis,Washington,0,0,0,0
53041,2020-02-29,Lewis,Washington,0,0,0,0
53041,2020-03-01,Lewis,Washington,0,0,0,0
53041,2020-03-02,Lewis,Washington,0,0,0,0
53041,2020-03-03,Lewis,Washington,0,0,0,0
53041,2020-03-04,Lewis,Washington,0,0,0,0
53041,2020-03-05,Lewis,Washington,0,0,0,0
53041,2020-03-06,Lewis,Washington,0,0,0,0
53041,2020-03-07,Lewis,Washington,0,0,0,0
53041,2020-03-08,Lewis,Washington,0,0,0,0
53041,2020-03-09,Lewis,Washington,0,0,0,0
53041,2020-03-10,Lewis,Washington,0,0,0,0
53041,2020-03-11,Lewis,Washington,0,0,0,0
53041,2020-03-12,Lewis,Washington,0,0,0,0
53041,2020-03-13,Lewis,Washington,0,0,0,0
53041,2020-03-14,Lewis,Washington,0,0,0,0
53041,2020-03-15,Lewis,Washington,0,0,0,0
53041,2020-03-16,Lewis,Washington,0,0,0,0
53041,2020-03-17,Lewis,Washington,1,0,1,0
53041,2020-03-18,Lewis,Washington,1,0,0,0
53041,2020-03-19,Lewis,Washington,1,0,0,0
53041,2020-03-20,Lewis,Washington,1,0,0,0
53041,2020-03-21,Lewis,Washington,2,0,1,0
53041,2020-03-22,Lewis,Washington,2,0,0,0
53041,2020-03-23,Lewis,Washington,2,0,0,0
53041,2020-03-24,Lewis,Washington,2,0,0,0
53041,2020-03-25,Lewis,Washington,2,0,0,0
53043,2020-02-24,Lincoln,Washington,0,0,0,0
53043,2020-02-25,Lincoln,Washington,0,0,0,0
53043,2020-02-26,Lincoln,Washington,0,0,0,0
53043,2020-02-27,Lincoln,Washington,0,0,0,0
53043,2020-02-28,Lincoln,Washington,0,0,0,0
53043,2020-02-29,Lincoln,Washington,0,0,0,0
53043,2020-03-01,Lincoln,Washington,0,0,0,0
53043,2020-03-02,Lincoln,Washington,0,0,0,0
53043,2020-03-03,Lincoln,Washington,0,0,0,0
53043,2020-03-04,Lincoln,Washington,0,0,0,0
53043,2020-03-05,Lincoln,Washington,0,0,0,0
53043,2020-03-06,Lincoln,Washington,0,0,0,0
53043,2020-03-07,Lincoln,Washington,0,0,0,0
53043,2020-03-08,Lincoln,Washington,0,0,0,0
53043,2020-03-09,Lincoln,Washington,0,0,0,0
53043,2020-03-10,Lincoln,Washington,0,0,0,0
53043,2020-03-11,Lincoln,Washington,0,0,0,0
53043,2020-03-12,Lincoln,Washington,0,0,0,0
53043,2020-03-13,Lincoln,Washington,0,0,0,0
53043,2020-03-14,Lincoln,Washington,0,0,0,0
53043,2020-03-15,Lincoln,Washington,0,0,0,0
53043,2020-03-16,Lincoln,Washington,1,0,1,0
53043,2020-03-17,Lincoln,Washington,1,0,0,0
53043,2020-03-18,Lincoln,Washington,1,0,0,0
53043,2020-03-19,Lincoln,Washington,1,0,0,0
53043,2020-03-20,Lincoln,Washington,1,0,0,0
53043,2020-03-21,Lincoln,Washington,1,0,0,0
53043,2020-03-22,Lincoln,Washington,1,0,0,0
53043,2020-03-23,Lincoln,Washington,1,0,0,0
53043,2020-03-24,Lincoln,Washington,1,0,0,0
53043,2020-03-25,Lincoln,Washington,1,0,0,0
53045,2020-02-24,Mason,Washington,0,0,0,0
53045,2020-02-25,Mason,Washington,0,0,0,0
53045,2020-02-26,Mason,Washington,0,0,0,0
53045,2020-02-27,Mason,Washington,0,0,0,0
53045,2020-02-28,Mason,Washington,0,0,0,0
53045,2020-02-29,Mason,Washington,0,0,0,0
53045,2020-03-01,Mason,Washington,0,0,0,0
53045,2020-03-02,Mason,Washington,0,0,0,0
53045,2020-03-03,Mason,Washington,0,0,0,0
53045,2020-03-04,Mason,Washington,0,0,0,0
53045,2020-03-05,Mason,Washington,0,0,0,0
53045,2020-03-06,Mason,Washington,0,0,0,0
53045,2020-03-07,Mason,Washington,0,0,0,0
53045,2020-03-08,Mason,Washington,0,0,0,0
53045,2020-03-09,Mason,Washington,0,0,0,0
53045,2020-03-10,Mason,Washington,0,0,0,0
53045,2020-03-11,Mason,Washington,0,0,0,0
53045,2020-03-12,Mason,Washington,0,0,0,0
53045,2020-03-13,Mason,Washington,0,0,0,0
53045,2020-03-14,Mason,Washington,0,0,0,0
53045,2020-03-15,Mason,Washington,0,0,0,0
53045,2020-03-16,Mason,Washington,0,0,0,0
53045,2020-03-17,Mason,Washington,0,0,0,0
53045,2020-03-18,Mason,Washington,0,0,0,0
53045,2020-03-19,Mason,Washington,1,0,1,0
53045,2020-03-20,Mason,Washington,1,0,0,0
53045,2020-03-21,Mason,Washington,1,0,0,0
53045,2020-03-22,Mason,Washington,1,0,0,0
53045,2020-03-23,Mason,Washington,1,0,0,0
53045,2020-03-24,Mason,Washington,1,0,0,0
53045,2020-03-25,Mason,Washington,2,0,1,0
53047,2020-02-24,Okanogan,Washington,0,0,0,0
53047,2020-02-25,Okanogan,Washington,0,0,0,0
53047,2020-02-26,Okanogan,Washington,0,0,0,0
53047,2020-02-27,Okanogan,Washington,0,0,0,0
53047,2020-02-28,Okanogan,Washington,0,0,0,0
53047,2020-02-29,Okanogan,Washington,0,0,0,0
53047,2020-03-01,Okanogan,Washington,0,0,0,0
53047,2020-03-02,Okanogan,Washington,0,0,0,0
53047,2020-03-03,Okanogan,Washington,0,0,0,0
53047,2020-03-04,Okanogan,Washington,0,0,0,0
53047,2020-03-05,Okanogan,Washington,0,0,0,0
53047,2020-03-06,Okanogan,Washington,0,0,0,0
53047,2020-03-07,Okanogan,Washington,0,0,0,0
53047,2020-03-08,Okanogan,Washington,0,0,0,0
53047,2020-03-09,Okanogan,Washington,0,0,0,0
53047,2020-03-10,Okanogan,Washington,0,0,0,0
53047,2020-03-11,Okanogan,Washington,0,0,0,0
53047,2020-03-12,Okanogan,Washington,0,0,0,0
53047,2020-03-13,Okanogan,Washington,0,0,0,0
53047,2020-03-14,Okanogan,Washington,0,0,0,0
53047,2020-03-15,Okanogan,Washington,0,0,0,0
53047,2020-03-16,Okanogan,Washington,0,0,0,0
53047,2020-03-17,Okanogan,Washington,0,0,0,0
53047,2020-03-18,Okanogan,Washington,0,0,0,0
53047,2020-03-19,Okanogan,Washington,0,0,0,0
53047,2020-03-20,Okanogan,Washington,0,0,0,0
53047,2020-03-21,Okanogan,Washington,0,0,0,0
53047,2020-03-22,Okanogan,Washington,0,0,0,0
53047,2020-03-23,Okanogan,Washington,0,0,0,0
53047,2020-03-24,Okanogan,Washington,0,0,0,0
53047,2020-03-25,Okanogan,Washington,0,0,0,0
53049,2020-02-24,Pacific,Washington,0,0,0,0
53049,2020-02-25,Pacific,Washington,0,0,0,0
53049,2020-02-26,Pacific,Washington,0,0,0,0
53049,2020-02-27,Pacific,Washington,0,0,0,0
53049,2020-02-28,Pacific,Washington,0,0,0,0
53049,2020-02-29,Pacific,Washington,0,0,0,0
53049,2020-03-01,Pacific,Washington,0,0,0,0
53049,2020-03-02,Pacific,Washington,0,0,0,0
53049,2020-03-03,Pacific,Washington,0,0,0,0
53049,2020-03-04,Pacific,Washington,0,0,0,0
53049,2020-03-05,Pacific,Washington,0,0,0,0
53049,2020-03-06,Pacific,Washington,0,0,0,0
53049,2020-03-07,Pacific,Washington,0,0,0,0
53049,2020-03-08,Pacific,Washington,0,0,0,0
53049,2020-03-09,Pacific,Washington,0,0,0,0
53049,2020-03-10,Pacific,Washington,0,0,0,0
53049,2020-03-11,Pacific,Washington,0,0,0,0
53049,2020-03-12,Pacific,Washington,0,0,0,0
53049,2020-03-13,Pacific,Washington,0,0,0,0
53049,2020-03-14,Pacific,Washington,0,0,0,0
53049,2020-03-15,Pacific,Washington,0,0,0,0
53049,2020-03-16,Pacific,Washington,0,0,0,0
53049,2020-03-17,Pacific,Washington,0,0,0,0
53049,2020-03-18,Pacific,Washington,0,0,0,0
53049,2020-03-19,Pacific,Washington,0,0,0,0
53049,2020-03-20,Pacific,Washington,0,0,0,0
53049,2020-03-21,Pacific,Washington,0,0,0,0
53049,2020-03-22,Pacific,Washington,0,0,0,0
53049,2020-03-23,Pacific,Washington,0,0,0,0
53049,2020-03-24,Pacific,Washington,0,0,0,0
53049,2020-03-25,Pacific,Washington,0,0,0,0
53051,2020-02-24,Pend Oreille,Washington,0,0,0,0
53051,2020-02-25,Pend Oreille,Washington,0,0,0,0
53051,2020-02-26,Pend Oreille,Washington,0,0,0,0
53051,2020-02-27,Pend Oreille,Washington,0,0,0,0
53051,2020-02-28,Pend Oreille,Washington,0,0,0,0
53051,2020-02-29,Pend Oreille,Washington,0,0,0,0
53051,2020-03-01,Pend Oreille,Washington,0,0,0,0
53051,2020-03-02,Pend Oreille,Washington,0,0,0,0
53051,2020-03-03,Pend Oreille,Washington,0,0,0,0
53051,2020-03-04,Pend Oreille,Washington,0,0,0,0
53051,2020-03-05,Pend Oreille,Washington,0,0,0,0
53051,2020-03-06,Pend Oreille,Washington,0,0,0,0
53051,2020-03-07,Pend Oreille,Washington,0,0,0,0
53051,2020-03-08,Pend Oreille,Washington,0,0,0,0
53051,2020-03-09,Pend Oreille,Washington,0,0,0,0
53051,2020-03-10,Pend Oreille,Washington,0,0,0,0
53051,2020-03-11,Pend Oreille,Washington,0,0,0,0
53051,2020-03-12,Pend Oreille,Washington,0,0,0,0
53051,2020-03-13,Pend Oreille,Washington,0,0,0,0
53051,2020-03-14,Pend Oreille,Washington,0,0,0,0
53051,2020-03-15,Pend Oreille,Washington,0,0,0,0
53051,2020-03-16,Pend Oreille,Washington,0,0,0,0
53051,2020-03-17,Pend Oreille,Washington,0,0,0,0
53051,2020-03-18,Pend Oreille,Washington,0,0,0,0
53051,2020-03-19,Pend Oreille,Washington,0,0,0,0
53051,2020-03-20,Pend Oreille,Washington,0,0,0,0
53051,2020-03-21,Pend Oreille,Washington,0,0,0,0
53051,2020-03-22,Pend Oreille,Washington,0,0,0,0
53051,2020-03-23,Pend Oreille,Washington,0,0,0,0
53051,2020-03-24,Pend Oreille,Washington,0,0,0,0
53051,2020-03-25,Pend Oreille,Washington,0,0,0,0
53053,2020-02-24,Pierce,Washington,0,0,0,0
53053,2020-02-25,Pierce,Washington,0,0,0,0
53053,2020-02-26,Pierce,Washington,0,0,0,0
53053,2020-02-27,Pierce,Washington,0,0,0,0
53053,2020-02-28,Pierce,Washington,0,0,0,0
53053,2020-02-29,Pierce,Washington,0,0,0,0
53053,2020-03-01,Pierce,Washington,0,0,0,0
53053,2020-03-02,Pierce,Washington,0,0,0,0
53053,2020-03-03,Pierce,Washington,0,0,0,0
53053,2020-03-04,Pierce,Washington,0,0,0,0
53053,2020-03-05,Pierce,Washington,0,0,0,0
53053,2020-03-06,Pierce,Washington,0,0,0,0
53053,2020-03-07,Pierce,Washington,0,0,0,0
53053,2020-03-08,Pierce,Washington,0,0,0,0
53053,2020-03-09,Pierce,Washington,1,0,1,0
53053,2020-03-10,Pierce,Washington,4,0,3,0
53053,2020-03-11,Pierce,Washington,4,0,0,0
53053,2020-03-12,Pierce,Washington,14,0,10,0
53053,2020-03-13,Pierce,Washington,17,0,3,0
53053,2020-03-14,Pierce,Washington,19,0,2,0
53053,2020-03-15,Pierce,Washington,26,0,7,0
53053,2020-03-16,Pierce,Washington,29,0,3,0
53053,2020-03-17,Pierce,Washington,38,0,9,0
53053,2020-03-18,Pierce,Washington,45,0,7,0
53053,2020-03-19,Pierce,Washington,75,1,30,1
53053,2020-03-20,Pierce,Washington,83,1,8,0
53053,2020-03-21,Pierce,Washington,95,1,12,0
53053,2020-03-22,Pierce,Washington,107,1,12,0
53053,2020-03-23,Pierce,Washington,126,1,19,0
53053,2020-03-24,Pierce,Washington,126,1,0,0
53053,2020-03-25,Pierce,Washington,138,1,12,0
53055,2020-02-24,San Juan,Washington,0,0,0,0
53055,2020-02-25,San Juan,Washington,0,0,0,0
53055,2020-02-26,San Juan,Washington,0,0,0,0
53055,2020-02-27,San Juan,Washington,0,0,0,0
53055,2020-02-28,San Juan,Washington,0,0,0,0
53055,2020-02-29,San Juan,Washington,0,0,0,0
53055,2020-03-01,San Juan,Washington,0,0,0,0
53055,2020-03-02,San Juan,Washington,0,0,0,0
53055,2020-03-03,San Juan,Washington,0,0,0,0
53055,2020-03-04,San Juan,Washington,0,0,0,0
53055,2020-03-05,San Juan,Washington,0,0,0,0
53055,2020-03-06,San Juan,Washington,0,0,0,0
53055,2020-03-07,San Juan,Washington,0,0,0,0
53055,2020-03-08,San Juan,Washington,0,0,0,0
53055,2020-03-09,San Juan,Washington,0,0,0,0
53055,2020-03-10,San Juan,Washington,0,0,0,0
53055,2020-03-11,San Juan,Washington,0,0,0,0
53055,2020-03-12,San Juan,Washington,0,0,0,0
53055,2020-03-13,San Juan,Washington,0,0,0,0
53055,2020-03-14,San Juan,Washington,0,0,0,0
53055,2020-03-15,San Juan,Washington,0,0,0,0
53055,2020-03-16,San Juan,Washington,0,0,0,0
53055,2020-03-17,San Juan,Washington,0,0,0,0
53055,2020-03-18,San Juan,Washington,0,0,0,0
53055,2020-03-19,San Juan,Washington,0,0,0,0
53055,2020-03-20,San Juan,Washington,0,0,0,0
53055,2020-03-21,San Juan,Washington,1,0,1,0
53055,2020-03-22,San Juan,Washington,1,0,0,0
53055,2020-03-23,San Juan,Washington,1,0,0,0
53055,2020-03-24,San Juan,Washington,1,0,0,0
53055,2020-03-25,San Juan,Washington,1,0,0,0
53057,2020-02-24,Skagit,Washington,0,0,0,0
53057,2020-02-25,Skagit,Washington,0,0,0,0
53057,2020-02-26,Skagit,Washington,0,0,0,0
53057,2020-02-27,Skagit,Washington,0,0,0,0
53057,2020-02-28,Skagit,Washington,0,0,0,0
53057,2020-02-29,Skagit,Washington,0,0,0,0
53057,2020-03-01,Skagit,Washington,0,0,0,0
53057,2020-03-02,Skagit,Washington,0,0,0,0
53057,2020-03-03,Skagit,Washington,0,0,0,0
53057,2020-03-04,Skagit,Washington,0,0,0,0
53057,2020-03-05,Skagit,Washington,0,0,0,0
53057,2020-03-06,Skagit,Washington,0,0,0,0
53057,2020-03-07,Skagit,Washington,0,0,0,0
53057,2020-03-08,Skagit,Washington,0,0,0,0
53057,2020-03-09,Skagit,Washington,0,0,0,0
53057,2020-03-10,Skagit,Washington,0,0,0,0
53057,2020-03-11,Skagit,Washington,0,0,0,0
53057,2020-03-12,Skagit,Washington,1,0,1,0
53057,2020-03-13,Skagit,Washington,1,0,0,0
53057,2020-03-14,Skagit,Washington,3,0,2,0
53057,2020-03-15,Skagit,Washington,4,0,1,0
53057,2020-03-16,Skagit,Washington,4,0,0,0
53057,2020-03-17,Skagit,Washington,7,0,3,0
53057,2020-03-18,Skagit,Washington,9,0,2,0
53057,2020-03-19,Skagit,Washington,18,0,9,0
53057,2020-03-20,Skagit,Washington,25,0,7,0
53057,2020-03-21,Skagit,Washington,28,0,3,0
53057,2020-03-22,Skagit,Washington,33,0,5,0
53057,2020-03-23,Skagit,Washington,45,1,12,1
53057,2020-03-24,Skagit,Washington,45,1,0,0
53057,2020-03-25,Skagit,Washington,48,1,3,0
53059,2020-02-24,Skamania,Washington,0,0,0,0
53059,2020-02-25,Skamania,Washington,0,0,0,0
53059,2020-02-26,Skamania,Washington,0,0,0,0
53059,2020-02-27,Skamania,Washington,0,0,0,0
53059,2020-02-28,Skamania,Washington,0,0,0,0
53059,2020-02-29,Skamania,Washington,0,0,0,0
53059,2020-03-01,Skamania,Washington,0,0,0,0
53059,2020-03-02,Skamania,Washington,0,0,0,0
53059,2020-03-03,Skamania,Washington,0,0,0,0
53059,2020-03-04,Skamania,Washington,0,0,0,0
53059,2020-03-05,Skamania,Washington,0,0,0,0
53059,2020-03-06,Skamania,Washington,0,0,0,0
53059,2020-03-07,Skamania,Washington,0,0,0,0
53059,2020-03-08,Skamania,Washington,0,0,0,0
53059,2020-03-09,Skamania,Washington,0,0,0,0
53059,2020-03-10,Skamania,Washington,0,0,0,0
53059,2020-03-11,Skamania,Washington,0,0,0,0
53059,2020-03-12,Skamania,Washington,0,0,0,0
53059,2020-03-13,Skamania,Washington,0,0,0,0
53059,2020-03-14,Skamania,Washington,0,0,0,0
53059,2020-03-15,Skamania,Washington,0,0,0,0
53059,2020-03-16,Skamania,Washington,0,0,0,0
53059,2020-03-17,Skamania,Washington,0,0,0,0
53059,2020-03-18,Skamania,Washington,0,0,0,0
53059,2020-03-19,Skamania,Washington,0,0,0,0
53059,2020-03-20,Skamania,Washington,0,0,0,0
53059,2020-03-21,Skamania,Washington,0,0,0,0
53059,2020-03-22,Skamania,Washington,0,0,0,0
53059,2020-03-23,Skamania,Washington,0,0,0,0
53059,2020-03-24,Skamania,Washington,0,0,0,0
53059,2020-03-25,Skamania,Washington,0,0,0,0
53061,2020-02-24,Snohomish,Washington,1,0,1,0
53061,2020-02-25,Snohomish,Washington,1,0,0,0
53061,2020-02-26,Snohomish,Washington,1,0,0,0
53061,2020-02-27,Snohomish,Washington,1,0,0,0
53061,2020-02-28,Snohomish,Washington,1,0,0,0
53061,2020-02-29,Snohomish,Washington,1,0,0,0
53061,2020-03-01,Snohomish,Washington,2,0,1,0
53061,2020-03-02,Snohomish,Washington,2,0,0,0
53061,2020-03-03,Snohomish,Washington,4,1,2,1
53061,2020-03-04,Snohomish,Washington,6,1,2,0
53061,2020-03-05,Snohomish,Washington,6,1,0,0
53061,2020-03-06,Snohomish,Washington,8,1,2,0
53061,2020-03-07,Snohomish,Washington,18,1,10,0
53061,2020-03-08,Snohomish,Washington,18,1,0,0
53061,2020-03-09,Snohomish,Washington,27,1,9,0
53061,2020-03-10,Snohomish,Washington,31,1,4,0
53061,2020-03-11,Snohomish,Washington,37,1,6,0
53061,2020-03-12,Snohomish,Washington,54,1,17,0
53061,2020-03-13,Snohomish,Washington,68,2,14,1
53061,2020-03-14,Snohomish,Washington,133,4,65,2
53061,2020-03-15,Snohomish,Washington,154,4,21,0
53061,2020-03-16,Snohomish,Washington,176,4,22,0
53061,2020-03-17,Snohomish,Washington,200,4,24,0
53061,2020-03-18,Snohomish,Washington,254,6,54,2
53061,2020-03-19,Snohomish,Washington,348,7,94,1
53061,2020-03-20,Snohomish,Washington,385,8,37,1
53061,2020-03-21,Snohomish,Washington,447,10,62,2
53061,2020-03-22,Snohomish,Washington,480,10,33,0
53061,2020-03-23,Snohomish,Washington,519,11,39,1
53061,2020-03-24,Snohomish,Washington,519,11,0,0
53061,2020-03-25,Snohomish,Washington,614,16,95,5
53063,2020-02-24,Spokane,Washington,0,0,0,0
53063,2020-02-25,Spokane,Washington,0,0,0,0
53063,2020-02-26,Spokane,Washington,0,0,0,0
53063,2020-02-27,Spokane,Washington,0,0,0,0
53063,2020-02-28,Spokane,Washington,0,0,0,0
53063,2020-02-29,Spokane,Washington,0,0,0,0
53063,2020-03-01,Spokane,Washington,0,0,0,0
53063,2020-03-02,Spokane,Washington,0,0,0,0
53063,2020-03-03,Spokane,Washington,0,0,0,0
53063,2020-03-04,Spokane,Washington,0,0,0,0
53063,2020-03-05,Spokane,Washington,0,0,0,0
53063,2020-03-06,Spokane,Washington,0,0,0,0
53063,2020-03-07,Spokane,Washington,0,0,0,0
53063,2020-03-08,Spokane,Washington,0,0,0,0
53063,2020-03-09,Spokane,Washington,0,0,0,0
53063,2020-03-10,Spokane,Washington,0,0,0,0
53063,2020-03-11,Spokane,Washington,0,0,0,0
53063,2020-03-12,Spokane,Washington,0,0,0,0
53063,2020-03-13,Spokane,Washington,0,0,0,0
53063,2020-03-14,Spokane,Washington,0,0,0,0
53063,2020-03-15,Spokane,Washington,3,0,3,0
53063,2020-03-16,Spokane,Washington,3,0,0,0
53063,2020-03-17,Spokane,Washington,3,0,0,0
53063,2020-03-18,Spokane,Washington,4,0,1,0
53063,2020-03-19,Spokane,Washington,9,0,5,0
53063,2020-03-20,Spokane,Washington,11,0,2,0
53063,2020-03-21,Spokane,Washington,16,0,5,0
53063,2020-03-22,Spokane,Washington,20,0,4,0
53063,2020-03-23,Spokane,Washington,29,0,9,0
53063,2020-03-24,Spokane,Washington,29,0,0,0
53063,2020-03-25,Spokane,Washington,33,0,4,0
53065,2020-02-24,Stevens,Washington,0,0,0,0
53065,2020-02-25,Stevens,Washington,0,0,0,0
53065,2020-02-26,Stevens,Washington,0,0,0,0
53065,2020-02-27,Stevens,Washington,0,0,0,0
53065,2020-02-28,Stevens,Washington,0,0,0,0
53065,2020-02-29,Stevens,Washington,0,0,0,0
53065,2020-03-01,Stevens,Washington,0,0,0,0
53065,2020-03-02,Stevens,Washington,0,0,0,0
53065,2020-03-03,Stevens,Washington,0,0,0,0
53065,2020-03-04,Stevens,Washington,0,0,0,0
53065,2020-03-05,Stevens,Washington,0,0,0,0
53065,2020-03-06,Stevens,Washington,0,0,0,0
53065,2020-03-07,Stevens,Washington,0,0,0,0
53065,2020-03-08,Stevens,Washington,0,0,0,0
53065,2020-03-09,Stevens,Washington,0,0,0,0
53065,2020-03-10,Stevens,Washington,0,0,0,0
53065,2020-03-11,Stevens,Washington,0,0,0,0
53065,2020-03-12,Stevens,Washington,0,0,0,0
53065,2020-03-13,Stevens,Washington,0,0,0,0
53065,2020-03-14,Stevens,Washington,0,0,0,0
53065,2020-03-15,Stevens,Washington,0,0,0,0
53065,2020-03-16,Stevens,Washington,0,0,0,0
53065,2020-03-17,Stevens,Washington,0,0,0,0
53065,2020-03-18,Stevens,Washington,0,0,0,0
53065,2020-03-19,Stevens,Washington,0,0,0,0
53065,2020-03-20,Stevens,Washington,0,0,0,0
53065,2020-03-21,Stevens,Washington,1,0,1,0
53065,2020-03-22,Stevens,Washington,1,0,0,0
53065,2020-03-23,Stevens,Washington,1,0,0,0
53065,2020-03-24,Stevens,Washington,1,0,0,0
53065,2020-03-25,Stevens,Washington,1,0,0,0
53067,2020-02-24,Thurston,Washington,0,0,0,0
53067,2020-02-25,Thurston,Washington,0,0,0,0
53067,2020-02-26,Thurston,Washington,0,0,0,0
53067,2020-02-27,Thurston,Washington,0,0,0,0
53067,2020-02-28,Thurston,Washington,0,0,0,0
53067,2020-02-29,Thurston,Washington,0,0,0,0
53067,2020-03-01,Thurston,Washington,0,0,0,0
53067,2020-03-02,Thurston,Washington,0,0,0,0
53067,2020-03-03,Thurston,Washington,0,0,0,0
53067,2020-03-04,Thurston,Washington,0,0,0,0
53067,2020-03-05,Thurston,Washington,0,0,0,0
53067,2020-03-06,Thurston,Washington,0,0,0,0
53067,2020-03-07,Thurston,Washington,0,0,0,0
53067,2020-03-08,Thurston,Washington,0,0,0,0
53067,2020-03-09,Thurston,Washington,0,0,0,0
53067,2020-03-10,Thurston,Washington,0,0,0,0
53067,2020-03-11,Thurston,Washington,0,0,0,0
53067,2020-03-12,Thurston,Washington,0,0,0,0
53067,2020-03-13,Thurston,Washington,1,0,1,0
53067,2020-03-14,Thurston,Washington,1,0,0,0
53067,2020-03-15,Thurston,Washington,3,0,2,0
53067,2020-03-16,Thurston,Washington,3,0,0,0
53067,2020-03-17,Thurston,Washington,4,0,1,0
53067,2020-03-18,Thurston,Washington,5,0,1,0
53067,2020-03-19,Thurston,Washington,6,0,1,0
53067,2020-03-20,Thurston,Washington,6,0,0,0
53067,2020-03-21,Thurston,Washington,9,0,3,0
53067,2020-03-22,Thurston,Washington,11,0,2,0
53067,2020-03-23,Thurston,Washington,11,0,0,0
53067,2020-03-24,Thurston,Washington,11,0,0,0
53067,2020-03-25,Thurston,Washington,14,0,3,0
53069,2020-02-24,Wahkiakum,Washington,0,0,0,0
53069,2020-02-25,Wahkiakum,Washington,0,0,0,0
53069,2020-02-26,Wahkiakum,Washington,0,0,0,0
53069,2020-02-27,Wahkiakum,Washington,0,0,0,0
53069,2020-02-28,Wahkiakum,Washington,0,0,0,0
53069,2020-02-29,Wahkiakum,Washington,0,0,0,0
53069,2020-03-01,Wahkiakum,Washington,0,0,0,0
53069,2020-03-02,Wahkiakum,Washington,0,0,0,0
53069,2020-03-03,Wahkiakum,Washington,0,0,0,0
53069,2020-03-04,Wahkiakum,Washington,0,0,0,0
53069,2020-03-05,Wahkiakum,Washington,0,0,0,0
53069,2020-03-06,Wahkiakum,Washington,0,0,0,0
53069,2020-03-07,Wahkiakum,Washington,0,0,0,0
53069,2020-03-08,Wahkiakum,Washington,0,0,0,0
53069,2020-03-09,Wahkiakum,Washington,0,0,0,0
53069,2020-03-10,Wahkiakum,Washington,0,0,0,0
53069,2020-03-11,Wahkiakum,Washington,0,0,0,0
53069,2020-03-12,Wahkiakum,Washington,0,0,0,0
53069,2020-03-13,Wahkiakum,Washington,0,0,0,0
53069,2020-03-14,Wahkiakum,Washington,0,0,0,0
53069,2020-03-15,Wahkiakum,Washington,0,0,0,0
53069,2020-03-16,Wahkiakum,Washington,0,0,0,0
53069,2020-03-17,Wahkiakum,Washington,0,0,0,0
53069,2020-03-18,Wahkiakum,Washington,0,0,0,0
53069,2020-03-19,Wahkiakum,Washington,0,0,0,0
53069,2020-03-20,Wahkiakum,Washington,0,0,0,0
53069,2020-03-21,Wahkiakum,Washington,0,0,0,0
53069,2020-03-22,Wahkiakum,Washington,0,0,0,0
53069,2020-03-23,Wahkiakum,Washington,0,0,0,0
53069,2020-03-24,Wahkiakum,Washington,0,0,0,0
53069,2020-03-25,Wahkiakum,Washington,0,0,0,0
53071,2020-02-24,Walla Walla,Washington,0,0,0,0
53071,2020-02-25,Walla Walla,Washington,0,0,0,0
53071,2020-02-26,Walla Walla,Washington,0,0,0,0
53071,2020-02-27,Walla Walla,Washington,0,0,0,0
53071,2020-02-28,Walla Walla,Washington,0,0,0,0
53071,2020-02-29,Walla Walla,Washington,0,0,0,0
53071,2020-03-01,Walla Walla,Washington,0,0,0,0
53071,2020-03-02,Walla Walla,Washington,0,0,0,0
53071,2020-03-03,Walla Walla,Washington,0,0,0,0
53071,2020-03-04,Walla Walla,Washington,0,0,0,0
53071,2020-03-05,Walla Walla,Washington,0,0,0,0
53071,2020-03-06,Walla Walla,Washington,0,0,0,0
53071,2020-03-07,Walla Walla,Washington,0,0,0,0
53071,2020-03-08,Walla Walla,Washington,0,0,0,0
53071,2020-03-09,Walla Walla,Washington,0,0,0,0
53071,2020-03-10,Walla Walla,Washington,0,0,0,0
53071,2020-03-11,Walla Walla,Washington,0,0,0,0
53071,2020-03-12,Walla Walla,Washington,0,0,0,0
53071,2020-03-13,Walla Walla,Washington,0,0,0,0
53071,2020-03-14,Walla Walla,Washington,0,0,0,0
53071,2020-03-15,Walla Walla,Washington,0,0,0,0
53071,2020-03-16,Walla Walla,Washington,0,0,0,0
53071,2020-03-17,Walla Walla,Washington,0,0,0,0
53071,2020-03-18,Walla Walla,Washington,0,0,0,0
53071,2020-03-19,Walla Walla,Washington,0,0,0,0
53071,2020-03-20,Walla Walla,Washington,0,0,0,0
53071,2020-03-21,Walla Walla,Washington,0,0,0,0
53071,2020-03-22,Walla Walla,Washington,1,0,1,0
53071,2020-03-23,Walla Walla,Washington,1,0,0,0
53071,2020-03-24,Walla Walla,Washington,1,0,0,0
53071,2020-03-25,Walla Walla,Washington,2,0,1,0
53073,2020-02-24,Whatcom,Washington,0,0,0,0
53073,2020-02-25,Whatcom,Washington,0,0,0,0
53073,2020-02-26,Whatcom,Washington,0,0,0,0
53073,2020-02-27,Whatcom,Washington,0,0,0,0
53073,2020-02-28,Whatcom,Washington,0,0,0,0
53073,2020-02-29,Whatcom,Washington,0,0,0,0
53073,2020-03-01,Whatcom,Washington,0,0,0,0
53073,2020-03-02,Whatcom,Washington,0,0,0,0
53073,2020-03-03,Whatcom,Washington,0,0,0,0
53073,2020-03-04,Whatcom,Washington,0,0,0,0
53073,2020-03-05,Whatcom,Washington,0,0,0,0
53073,2020-03-06,Whatcom,Washington,0,0,0,0
53073,2020-03-07,Whatcom,Washington,0,0,0,0
53073,2020-03-08,Whatcom,Washington,0,0,0,0
53073,2020-03-09,Whatcom,Washington,0,0,0,0
53073,2020-03-10,Whatcom,Washington,0,0,0,0
53073,2020-03-11,Whatcom,Washington,0,0,0,0
53073,2020-03-12,Whatcom,Washington,0,0,0,0
53073,2020-03-13,Whatcom,Washington,1,0,1,0
53073,2020-03-14,Whatcom,Washington,1,0,0,0
53073,2020-03-15,Whatcom,Washington,2,0,1,0
53073,2020-03-16,Whatcom,Washington,3,0,1,0
53073,2020-03-17,Whatcom,Washington,3,0,0,0
53073,2020-03-18,Whatcom,Washington,6,0,3,0
53073,2020-03-19,Whatcom,Washington,7,0,1,0
53073,2020-03-20,Whatcom,Washington,10,1,3,1
53073,2020-03-21,Whatcom,Washington,14,2,4,1
53073,2020-03-22,Whatcom,Washington,14,2,0,0
53073,2020-03-23,Whatcom,Washington,48,2,34,0
53073,2020-03-24,Whatcom,Washington,48,2,0,0
53073,2020-03-25,Whatcom,Washington,64,2,16,0
53075,2020-02-24,Whitman,Washington,0,0,0,0
53075,2020-02-25,Whitman,Washington,0,0,0,0
53075,2020-02-26,Whitman,Washington,0,0,0,0
53075,2020-02-27,Whitman,Washington,0,0,0,0
53075,2020-02-28,Whitman,Washington,0,0,0,0
53075,2020-02-29,Whitman,Washington,0,0,0,0
53075,2020-03-01,Whitman,Washington,0,0,0,0
53075,2020-03-02,Whitman,Washington,0,0,0,0
53075,2020-03-03,Whitman,Washington,0,0,0,0
53075,2020-03-04,Whitman,Washington,0,0,0,0
53075,2020-03-05,Whitman,Washington,0,0,0,0
53075,2020-03-06,Whitman,Washington,0,0,0,0
53075,2020-03-07,Whitman,Washington,0,0,0,0
53075,2020-03-08,Whitman,Washington,0,0,0,0
53075,2020-03-09,Whitman,Washington,0,0,0,0
53075,2020-03-10,Whitman,Washington,0,0,0,0
53075,2020-03-11,Whitman,Washington,0,0,0,0
53075,2020-03-12,Whitman,Washington,0,0,0,0
53075,2020-03-13,Whitman,Washington,0,0,0,0
53075,2020-03-14,Whitman,Washington,0,0,0,0
53075,2020-03-15,Whitman,Washington,0,0,0,0
53075,2020-03-16,Whitman,Washington,0,0,0,0
53075,2020-03-17,Whitman,Washington,0,0,0,0
53075,2020-03-18,Whitman,Washington,0,0,0,0
53075,2020-03-19,Whitman,Washington,0,0,0,0
53075,2020-03-20,Whitman,Washington,0,0,0,0
53075,2020-03-21,Whitman,Washington,0,0,0,0
53075,2020-03-22,Whitman,Washington,0,0,0,0
53075,2020-03-23,Whitman,Washington,2,0,2,0
53075,2020-03-24,Whitman,Washington,2,0,0,0
53075,2020-03-25,Whitman,Washington,2,0,0,0
53077,2020-02-24,Yakima,Washington,0,0,0,0
53077,2020-02-25,Yakima,Washington,0,0,0,0
53077,2020-02-26,Yakima,Washington,0,0,0,0
53077,2020-02-27,Yakima,Washington,0,0,0,0
53077,2020-02-28,Yakima,Washington,0,0,0,0
53077,2020-02-29,Yakima,Washington,0,0,0,0
53077,2020-03-01,Yakima,Washington,0,0,0,0
53077,2020-03-02,Yakima,Washington,0,0,0,0
53077,2020-03-03,Yakima,Washington,0,0,0,0
53077,2020-03-04,Yakima,Washington,0,0,0,0
53077,2020-03-05,Yakima,Washington,0,0,0,0
53077,2020-03-06,Yakima,Washington,0,0,0,0
53077,2020-03-07,Yakima,Washington,0,0,0,0
53077,2020-03-08,Yakima,Washington,0,0,0,0
53077,2020-03-09,Yakima,Washington,0,0,0,0
53077,2020-03-10,Yakima,Washington,0,0,0,0
53077,2020-03-11,Yakima,Washington,0,0,0,0
53077,2020-03-12,Yakima,Washington,0,0,0,0
53077,2020-03-13,Yakima,Washington,0,0,0,0
53077,2020-03-14,Yakima,Washington,2,0,2,0
53077,2020-03-15,Yakima,Washington,4,0,2,0
53077,2020-03-16,Yakima,Washington,4,0,0,0
53077,2020-03-17,Yakima,Washington,4,0,0,0
53077,2020-03-18,Yakima,Washington,5,0,1,0
53077,2020-03-19,Yakima,Washington,7,0,2,0
53077,2020-03-20,Yakima,Washington,10,0,3,0
53077,2020-03-21,Yakima,Washington,13,0,3,0
53077,2020-03-22,Yakima,Washington,16,0,3,0
53077,2020-03-23,Yakima,Washington,25,0,9,0
53077,2020-03-24,Yakima,Washington,25,0,0,0
53077,2020-03-25,Yakima,Washington,44,1,19,1
